escenario,Q_promedio,s_promedio,CTA_total,CTE_total
Escenario 1,21.608094178233785,15.525763504328202,82508.86267926672,164070.16402446423
Escenario 2,37.426316971434176,15.525763504328202,190546.05631361806,292917.0148810647
Escenario 3,37.42631697143418,15.525763504328202,238182.57039202255,361363.1861817183
Escenario 4,35.83297041193218,15.525763504328202,273650.9393860855,408110.1554338053
Escenario 5,34.65003651261233,15.525763504328202,308719.8955181951,454421.199633939
