escenario,Q_promedio,s_promedio,CTA_total,CTE_total
Escenario 1,21.581584533136212,27.638713551228776,49375.836667753305,98116.3195888218
Escenario 2,37.38040091923457,27.638713551228776,114028.61036636146,175204.8147640875
Escenario 3,37.38040091923457,27.638713551228776,142535.76295795184,216147.6888323354
Escenario 4,35.789009138875116,27.638713551228776,163761.12393680977,244113.17676730294
Escenario 5,34.607526508583724,27.638713551228776,184747.4639960428,271817.7364686455
